channel,start_time,stop_time,label
Fp1-F7,124.6649788,126.039819,swallow_eyebrow
F7-T7,124.6649788,126.039819,swallow_eyebrow
Fp1-F3,124.6649788,126.039819,swallow_eyebrow
Fp2-F4,124.6649788,126.039819,swallow_eyebrow
Fp2-F8,124.6649788,126.039819,swallow_eyebrow
F8-T8,124.6649788,126.039819,swallow_eyebrow
T8-P8,124.6649788,126.039819,swallow_eyebrow
F7-Fp1,124.6649788,126.039819,swallow_eyebrow
Fp1-Fp2,124.6649788,126.039819,swallow_eyebrow
F7-F3,124.6649788,126.039819,swallow_eyebrow
F4-F8,124.6649788,126.039819,swallow_eyebrow
C4-T8,124.6649788,126.039819,swallow_eyebrow
Fp1-F7,712.5896746,713.2112779,swallow
F7-T7,712.5896746,713.2112779,swallow
T7-P7,712.5896746,713.2112779,swallow
Fp1-F3,712.5896746,713.2112779,swallow
F3-C3,712.5896746,713.2112779,swallow
C3-P3,712.5896746,713.2112779,swallow
Fp2-F4,712.5896746,713.2112779,swallow
F4-C4,712.5896746,713.2112779,swallow
Fp2-F8,712.5896746,713.2112779,swallow
F8-T8,712.5896746,713.2112779,swallow
F7-Fp1,712.5896746,713.2112779,swallow
Fp1-Fp2,712.5896746,713.2112779,swallow
F7-F3,712.5896746,713.2112779,swallow
F3-Fz,712.5896746,713.2112779,swallow
Fz-F4,712.5896746,713.2112779,swallow
F4-F8,712.5896746,713.2112779,swallow
T7-C3,712.5896746,713.2112779,swallow
C3-Cz,712.5896746,713.2112779,swallow
C4-T8,712.5896746,713.2112779,swallow
ALL,5.441175155,31.72105424,close_base
ALL,49.6958087,60.36697184,close_base
ALL,86.25503354,97.12496108,close_base
ALL,107.3918841,123.9323081,close_base
ALL,134.3671304,248.992368,open_base
Fp1-F7,258.537856,258.8195531,ver_eyem
Fp1-F3,258.537856,258.8195531,ver_eyem
Fp2-F4,258.537856,258.8195531,ver_eyem
Fp2-F8,258.537856,258.8195531,ver_eyem
F7-Fp1,258.537856,258.8195531,ver_eyem
Fp1-F7,259.152468,259.459774,ver_eyem
Fp1-F3,259.152468,259.459774,ver_eyem
Fp2-F4,259.152468,259.459774,ver_eyem
Fp2-F8,259.152468,259.459774,ver_eyem
F7-Fp1,259.152468,259.459774,ver_eyem
Fp1-F7,260.9963041,261.2780013,ver_eyem
Fp1-F3,260.9963041,261.2780013,ver_eyem
Fp2-F4,260.9963041,261.2780013,ver_eyem
Fp2-F8,260.9963041,261.2780013,ver_eyem
F7-Fp1,260.9963041,261.2780013,ver_eyem
Fp1-F7,262.8913579,263.2754904,ver_eyem
Fp1-F3,262.8913579,263.2754904,ver_eyem
Fp2-F4,262.8913579,263.2754904,ver_eyem
Fp2-F8,262.8913579,263.2754904,ver_eyem
F7-Fp1,262.8913579,263.2754904,ver_eyem
Fp1-F7,264.0693643,264.4022791,ver_eyem
Fp1-F3,264.0693643,264.4022791,ver_eyem
Fp2-F4,264.0693643,264.4022791,ver_eyem
Fp2-F8,264.0693643,264.4022791,ver_eyem
F7-Fp1,264.0693643,264.4022791,ver_eyem
Fp1-F7,264.735194,265.0168912,ver_eyem
Fp1-F3,264.735194,265.0168912,ver_eyem
Fp2-F4,264.735194,265.0168912,ver_eyem
Fp2-F8,264.735194,265.0168912,ver_eyem
F7-Fp1,264.735194,265.0168912,ver_eyem
Fp1-F7,266.1180711,266.3997682,ver_eyem
Fp1-F3,266.1180711,266.3997682,ver_eyem
Fp2-F4,266.1180711,266.3997682,ver_eyem
Fp2-F8,266.1180711,266.3997682,ver_eyem
F7-Fp1,266.1180711,266.3997682,ver_eyem
Fp1-F7,266.8095096,267.219251,ver_eyem
Fp1-F3,266.8095096,267.219251,ver_eyem
Fp2-F4,266.8095096,267.219251,ver_eyem
Fp2-F8,266.8095096,267.219251,ver_eyem
F7-Fp1,266.8095096,267.219251,ver_eyem
Fp1-F7,299.0633361,310.0495262,hor_eyem
F7-T7,299.0633361,310.0495262,hor_eyem
T7-P7,299.0633361,310.0495262,hor_eyem
F4-C4,299.0633361,310.0495262,hor_eyem
Fp2-F8,299.0633361,310.0495262,hor_eyem
F8-T8,299.0633361,310.0495262,hor_eyem
T8-P8,299.0633361,310.0495262,hor_eyem
F7-Fp1,299.0633361,310.0495262,hor_eyem
Fp1-Fp2,299.0633361,310.0495262,hor_eyem
F7-F3,299.0633361,310.0495262,hor_eyem
F3-Fz,299.0633361,310.0495262,hor_eyem
Fz-F4,299.0633361,310.0495262,hor_eyem
F4-F8,299.0633361,310.0495262,hor_eyem
T7-C3,299.0633361,310.0495262,hor_eyem
C3-Cz,299.0633361,310.0495262,hor_eyem
Cz-C4,299.0633361,310.0495262,hor_eyem
C4-T8,299.0633361,310.0495262,hor_eyem
Fp1-F7,342.225751,402.0600435,blink
F7-T7,342.225751,402.0600435,blink
Fp1-F3,342.225751,402.0600435,blink
F3-C3,342.225751,402.0600435,blink
Fz-Cz,342.225751,402.0600435,blink
Fp2-F4,342.225751,402.0600435,blink
F4-C4,342.225751,402.0600435,blink
Fp2-F8,342.225751,402.0600435,blink
F8-T8,342.225751,402.0600435,blink
F7-Fp1,342.225751,402.0600435,blink
Fp1-F7,415.5046383,419.1410928,hor_headm
F7-T7,415.5046383,419.1410928,hor_headm
T7-P7,415.5046383,419.1410928,hor_headm
P7-O1,415.5046383,419.1410928,hor_headm
P3-O1,415.5046383,419.1410928,hor_headm
P4-O2,415.5046383,419.1410928,hor_headm
Fp2-F8,415.5046383,419.1410928,hor_headm
F8-T8,415.5046383,419.1410928,hor_headm
T8-P8,415.5046383,419.1410928,hor_headm
F7-Fp1,415.5046383,419.1410928,hor_headm
Fp1-Fp2,415.5046383,419.1410928,hor_headm
F7-F3,415.5046383,419.1410928,hor_headm
F3-Fz,415.5046383,419.1410928,hor_headm
Fz-F4,415.5046383,419.1410928,hor_headm
F4-F8,415.5046383,419.1410928,hor_headm
C4-T8,415.5046383,419.1410928,hor_headm
P7-P3,415.5046383,419.1410928,hor_headm
P4-P8,415.5046383,419.1410928,hor_headm
O1-O2,415.5046383,419.1410928,hor_headm
O2-P8,415.5046383,419.1410928,hor_headm
Fp1-F7,421.7019763,425.2103867,hor_headm
F7-T7,421.7019763,425.2103867,hor_headm
T7-P7,421.7019763,425.2103867,hor_headm
P7-O1,421.7019763,425.2103867,hor_headm
P3-O1,421.7019763,425.2103867,hor_headm
P4-O2,421.7019763,425.2103867,hor_headm
Fp2-F8,421.7019763,425.2103867,hor_headm
F8-T8,421.7019763,425.2103867,hor_headm
T8-P8,421.7019763,425.2103867,hor_headm
F7-Fp1,421.7019763,425.2103867,hor_headm
Fp1-Fp2,421.7019763,425.2103867,hor_headm
F7-F3,421.7019763,425.2103867,hor_headm
F3-Fz,421.7019763,425.2103867,hor_headm
Fz-F4,421.7019763,425.2103867,hor_headm
F4-F8,421.7019763,425.2103867,hor_headm
C4-T8,421.7019763,425.2103867,hor_headm
P7-P3,421.7019763,425.2103867,hor_headm
P4-P8,421.7019763,425.2103867,hor_headm
O1-O2,421.7019763,425.2103867,hor_headm
O2-P8,421.7019763,425.2103867,hor_headm
Fp1-F7,427.8480967,431.3308982,hor_headm
F7-T7,427.8480967,431.3308982,hor_headm
T7-P7,427.8480967,431.3308982,hor_headm
P7-O1,427.8480967,431.3308982,hor_headm
P3-O1,427.8480967,431.3308982,hor_headm
P4-O2,427.8480967,431.3308982,hor_headm
Fp2-F8,427.8480967,431.3308982,hor_headm
F8-T8,427.8480967,431.3308982,hor_headm
T8-P8,427.8480967,431.3308982,hor_headm
F7-Fp1,427.8480967,431.3308982,hor_headm
Fp1-Fp2,427.8480967,431.3308982,hor_headm
F7-F3,427.8480967,431.3308982,hor_headm
F3-Fz,427.8480967,431.3308982,hor_headm
Fz-F4,427.8480967,431.3308982,hor_headm
F4-F8,427.8480967,431.3308982,hor_headm
C4-T8,427.8480967,431.3308982,hor_headm
P7-P3,427.8480967,431.3308982,hor_headm
P4-P8,427.8480967,431.3308982,hor_headm
O1-O2,427.8480967,431.3308982,hor_headm
O2-P8,427.8480967,431.3308982,hor_headm
Fp1-F7,433.6994654,437.028614,hor_headm
F7-T7,433.6994654,437.028614,hor_headm
T7-P7,433.6994654,437.028614,hor_headm
P7-O1,433.6994654,437.028614,hor_headm
P3-O1,433.6994654,437.028614,hor_headm
P4-O2,433.6994654,437.028614,hor_headm
Fp2-F8,433.6994654,437.028614,hor_headm
F8-T8,433.6994654,437.028614,hor_headm
T8-P8,433.6994654,437.028614,hor_headm
F7-Fp1,433.6994654,437.028614,hor_headm
Fp1-Fp2,433.6994654,437.028614,hor_headm
F7-F3,433.6994654,437.028614,hor_headm
F3-Fz,433.6994654,437.028614,hor_headm
Fz-F4,433.6994654,437.028614,hor_headm
F4-F8,433.6994654,437.028614,hor_headm
C4-T8,433.6994654,437.028614,hor_headm
P7-P3,433.6994654,437.028614,hor_headm
P4-P8,433.6994654,437.028614,hor_headm
O1-O2,433.6994654,437.028614,hor_headm
O2-P8,433.6994654,437.028614,hor_headm
Fp1-F7,439.97363,443.072299,hor_headm
F7-T7,439.97363,443.072299,hor_headm
T7-P7,439.97363,443.072299,hor_headm
P7-O1,439.97363,443.072299,hor_headm
P3-O1,439.97363,443.072299,hor_headm
P4-O2,439.97363,443.072299,hor_headm
Fp2-F8,439.97363,443.072299,hor_headm
F8-T8,439.97363,443.072299,hor_headm
T8-P8,439.97363,443.072299,hor_headm
F7-Fp1,439.97363,443.072299,hor_headm
Fp1-Fp2,439.97363,443.072299,hor_headm
F7-F3,439.97363,443.072299,hor_headm
F3-Fz,439.97363,443.072299,hor_headm
Fz-F4,439.97363,443.072299,hor_headm
F4-F8,439.97363,443.072299,hor_headm
C4-T8,439.97363,443.072299,hor_headm
P7-P3,439.97363,443.072299,hor_headm
P4-P8,439.97363,443.072299,hor_headm
O1-O2,439.97363,443.072299,hor_headm
O2-P8,439.97363,443.072299,hor_headm
Fp1-F7,445.7351178,449.0130487,hor_headm
F7-T7,445.7351178,449.0130487,hor_headm
T7-P7,445.7351178,449.0130487,hor_headm
P7-O1,445.7351178,449.0130487,hor_headm
P3-O1,445.7351178,449.0130487,hor_headm
P4-O2,445.7351178,449.0130487,hor_headm
Fp2-F8,445.7351178,449.0130487,hor_headm
F8-T8,445.7351178,449.0130487,hor_headm
T8-P8,445.7351178,449.0130487,hor_headm
F7-Fp1,445.7351178,449.0130487,hor_headm
Fp1-Fp2,445.7351178,449.0130487,hor_headm
F7-F3,445.7351178,449.0130487,hor_headm
F3-Fz,445.7351178,449.0130487,hor_headm
Fz-F4,445.7351178,449.0130487,hor_headm
F4-F8,445.7351178,449.0130487,hor_headm
C4-T8,445.7351178,449.0130487,hor_headm
P7-P3,445.7351178,449.0130487,hor_headm
P4-P8,445.7351178,449.0130487,hor_headm
O1-O2,445.7351178,449.0130487,hor_headm
O2-P8,445.7351178,449.0130487,hor_headm
Fp1-F7,451.8556293,455.466475,hor_headm
F7-T7,451.8556293,455.466475,hor_headm
T7-P7,451.8556293,455.466475,hor_headm
P7-O1,451.8556293,455.466475,hor_headm
P3-O1,451.8556293,455.466475,hor_headm
P4-O2,451.8556293,455.466475,hor_headm
Fp2-F8,451.8556293,455.466475,hor_headm
F8-T8,451.8556293,455.466475,hor_headm
T8-P8,451.8556293,455.466475,hor_headm
F7-Fp1,451.8556293,455.466475,hor_headm
Fp1-Fp2,451.8556293,455.466475,hor_headm
F7-F3,451.8556293,455.466475,hor_headm
F3-Fz,451.8556293,455.466475,hor_headm
Fz-F4,451.8556293,455.466475,hor_headm
F4-F8,451.8556293,455.466475,hor_headm
C4-T8,451.8556293,455.466475,hor_headm
P7-P3,451.8556293,455.466475,hor_headm
P4-P8,451.8556293,455.466475,hor_headm
O1-O2,451.8556293,455.466475,hor_headm
O2-P8,451.8556293,455.466475,hor_headm
Fp1-F7,457.7200525,461.4333335,hor_headm
F7-T7,457.7200525,461.4333335,hor_headm
T7-P7,457.7200525,461.4333335,hor_headm
P7-O1,457.7200525,461.4333335,hor_headm
P3-O1,457.7200525,461.4333335,hor_headm
P4-O2,457.7200525,461.4333335,hor_headm
Fp2-F8,457.7200525,461.4333335,hor_headm
F8-T8,457.7200525,461.4333335,hor_headm
T8-P8,457.7200525,461.4333335,hor_headm
F7-Fp1,457.7200525,461.4333335,hor_headm
Fp1-Fp2,457.7200525,461.4333335,hor_headm
F7-F3,457.7200525,461.4333335,hor_headm
F3-Fz,457.7200525,461.4333335,hor_headm
Fz-F4,457.7200525,461.4333335,hor_headm
F4-F8,457.7200525,461.4333335,hor_headm
C4-T8,457.7200525,461.4333335,hor_headm
P7-P3,457.7200525,461.4333335,hor_headm
P4-P8,457.7200525,461.4333335,hor_headm
O1-O2,457.7200525,461.4333335,hor_headm
O2-P8,457.7200525,461.4333335,hor_headm
Fp1-F7,463.5970301,467.1310493,hor_headm
F7-T7,463.5970301,467.1310493,hor_headm
T7-P7,463.5970301,467.1310493,hor_headm
P7-O1,463.5970301,467.1310493,hor_headm
P3-O1,463.5970301,467.1310493,hor_headm
P4-O2,463.5970301,467.1310493,hor_headm
Fp2-F8,463.5970301,467.1310493,hor_headm
F8-T8,463.5970301,467.1310493,hor_headm
T8-P8,463.5970301,467.1310493,hor_headm
F7-Fp1,463.5970301,467.1310493,hor_headm
Fp1-Fp2,463.5970301,467.1310493,hor_headm
F7-F3,463.5970301,467.1310493,hor_headm
F3-Fz,463.5970301,467.1310493,hor_headm
Fz-F4,463.5970301,467.1310493,hor_headm
F4-F8,463.5970301,467.1310493,hor_headm
C4-T8,463.5970301,467.1310493,hor_headm
P7-P3,463.5970301,467.1310493,hor_headm
P4-P8,463.5970301,467.1310493,hor_headm
O1-O2,463.5970301,467.1310493,hor_headm
O2-P8,463.5970301,467.1310493,hor_headm
P7-O1,475.8768022,476.5426319,ver_headm
P3-O1,475.8768022,476.5426319,ver_headm
C4-P4,475.8768022,476.5426319,ver_headm
P4-O2,475.8768022,476.5426319,ver_headm
P8-O2,475.8768022,476.5426319,ver_headm
O1-O2,475.8768022,476.5426319,ver_headm
O2-P8,475.8768022,476.5426319,ver_headm
P7-O1,484.3789353,485.2752446,ver_headm
P3-O1,484.3789353,485.2752446,ver_headm
C4-P4,484.3789353,485.2752446,ver_headm
P4-O2,484.3789353,485.2752446,ver_headm
P8-O2,484.3789353,485.2752446,ver_headm
O1-O2,484.3789353,485.2752446,ver_headm
O2-P8,484.3789353,485.2752446,ver_headm
P7-O1,487.4263867,488.2714782,ver_headm
P3-O1,487.4263867,488.2714782,ver_headm
C4-P4,487.4263867,488.2714782,ver_headm
P4-O2,487.4263867,488.2714782,ver_headm
P8-O2,487.4263867,488.2714782,ver_headm
O1-O2,487.4263867,488.2714782,ver_headm
O2-P8,487.4263867,488.2714782,ver_headm
P7-O1,496.3126524,497.2089616,ver_headm
P3-O1,496.3126524,497.2089616,ver_headm
C4-P4,496.3126524,497.2089616,ver_headm
P4-O2,496.3126524,497.2089616,ver_headm
P8-O2,496.3126524,497.2089616,ver_headm
O1-O2,496.3126524,497.2089616,ver_headm
O2-P8,496.3126524,497.2089616,ver_headm
P7-O1,499.5905832,500.2564129,ver_headm
P3-O1,499.5905832,500.2564129,ver_headm
C4-P4,499.5905832,500.2564129,ver_headm
P4-O2,499.5905832,500.2564129,ver_headm
P8-O2,499.5905832,500.2564129,ver_headm
O1-O2,499.5905832,500.2564129,ver_headm
O2-P8,499.5905832,500.2564129,ver_headm
P7-O1,508.2202606,509.244614,ver_headm
P3-O1,508.2202606,509.244614,ver_headm
C4-P4,508.2202606,509.244614,ver_headm
P4-O2,508.2202606,509.244614,ver_headm
P8-O2,508.2202606,509.244614,ver_headm
O1-O2,508.2202606,509.244614,ver_headm
O2-P8,508.2202606,509.244614,ver_headm
P7-O1,511.6774533,512.343283,ver_headm
P3-O1,511.6774533,512.343283,ver_headm
C4-P4,511.6774533,512.343283,ver_headm
P4-O2,511.6774533,512.343283,ver_headm
P8-O2,511.6774533,512.343283,ver_headm
O1-O2,511.6774533,512.343283,ver_headm
O2-P8,511.6774533,512.343283,ver_headm
P7-O1,520.2051953,521.1015045,ver_headm
P3-O1,520.2051953,521.1015045,ver_headm
C4-P4,520.2051953,521.1015045,ver_headm
P4-O2,520.2051953,521.1015045,ver_headm
P8-O2,520.2051953,521.1015045,ver_headm
O1-O2,520.2051953,521.1015045,ver_headm
O2-P8,520.2051953,521.1015045,ver_headm
P7-O1,523.6488335,524.1866191,ver_headm
P3-O1,523.6488335,524.1866191,ver_headm
C4-P4,523.6488335,524.1866191,ver_headm
P4-O2,523.6488335,524.1866191,ver_headm
P8-O2,523.6488335,524.1866191,ver_headm
O1-O2,523.6488335,524.1866191,ver_headm
O2-P8,523.6488335,524.1866191,ver_headm
T7-P7,545.6331492,546.5038496,tongue
P7-O1,545.6331492,546.5038496,tongue
P3-O1,545.6331492,546.5038496,tongue
F8-T8,545.6331492,546.5038496,tongue
T8-P8,545.6331492,546.5038496,tongue
P8-O2,545.6331492,546.5038496,tongue
P7-P3,545.6331492,546.5038496,tongue
P4-P8,545.6331492,546.5038496,tongue
O1-O2,545.6331492,546.5038496,tongue
O2-P8,545.6331492,546.5038496,tongue
T7-P7,547.7842913,548.6806005,tongue
P7-O1,547.7842913,548.6806005,tongue
P3-O1,547.7842913,548.6806005,tongue
F8-T8,547.7842913,548.6806005,tongue
T8-P8,547.7842913,548.6806005,tongue
P8-O2,547.7842913,548.6806005,tongue
P7-P3,547.7842913,548.6806005,tongue
P4-P8,547.7842913,548.6806005,tongue
O1-O2,547.7842913,548.6806005,tongue
O2-P8,547.7842913,548.6806005,tongue
T7-P7,549.8842157,550.7293073,tongue
P7-O1,549.8842157,550.7293073,tongue
P3-O1,549.8842157,550.7293073,tongue
F8-T8,549.8842157,550.7293073,tongue
T8-P8,549.8842157,550.7293073,tongue
P8-O2,549.8842157,550.7293073,tongue
P7-P3,549.8842157,550.7293073,tongue
P4-P8,549.8842157,550.7293073,tongue
O1-O2,549.8842157,550.7293073,tongue
O2-P8,549.8842157,550.7293073,tongue
T7-P7,551.8817049,552.7524052,tongue
P7-O1,551.8817049,552.7524052,tongue
P3-O1,551.8817049,552.7524052,tongue
F8-T8,551.8817049,552.7524052,tongue
T8-P8,551.8817049,552.7524052,tongue
P8-O2,551.8817049,552.7524052,tongue
P7-P3,551.8817049,552.7524052,tongue
P4-P8,551.8817049,552.7524052,tongue
O1-O2,551.8817049,552.7524052,tongue
O2-P8,551.8817049,552.7524052,tongue
T7-P7,553.9816293,554.9035474,tongue
P7-O1,553.9816293,554.9035474,tongue
P3-O1,553.9816293,554.9035474,tongue
F8-T8,553.9816293,554.9035474,tongue
T8-P8,553.9816293,554.9035474,tongue
P8-O2,553.9816293,554.9035474,tongue
P7-P3,553.9816293,554.9035474,tongue
P4-P8,553.9816293,554.9035474,tongue
O1-O2,553.9816293,554.9035474,tongue
O2-P8,553.9816293,554.9035474,tongue
T7-P7,555.9022919,556.82421,tongue
P7-O1,555.9022919,556.82421,tongue
P3-O1,555.9022919,556.82421,tongue
F8-T8,555.9022919,556.82421,tongue
T8-P8,555.9022919,556.82421,tongue
P8-O2,555.9022919,556.82421,tongue
P7-P3,555.9022919,556.82421,tongue
P4-P8,555.9022919,556.82421,tongue
O1-O2,555.9022919,556.82421,tongue
O2-P8,555.9022919,556.82421,tongue
T7-P7,557.7973457,558.6680461,tongue
P7-O1,557.7973457,558.6680461,tongue
P3-O1,557.7973457,558.6680461,tongue
F8-T8,557.7973457,558.6680461,tongue
T8-P8,557.7973457,558.6680461,tongue
P8-O2,557.7973457,558.6680461,tongue
P7-P3,557.7973457,558.6680461,tongue
P4-P8,557.7973457,558.6680461,tongue
O1-O2,557.7973457,558.6680461,tongue
O2-P8,557.7973457,558.6680461,tongue
T7-P7,559.615573,560.7167529,tongue
P7-O1,559.615573,560.7167529,tongue
P3-O1,559.615573,560.7167529,tongue
F8-T8,559.615573,560.7167529,tongue
T8-P8,559.615573,560.7167529,tongue
P8-O2,559.615573,560.7167529,tongue
P7-P3,559.615573,560.7167529,tongue
P4-P8,559.615573,560.7167529,tongue
O1-O2,559.615573,560.7167529,tongue
O2-P8,559.615573,560.7167529,tongue
T7-P7,561.7411063,562.6118067,tongue
P7-O1,561.7411063,562.6118067,tongue
P3-O1,561.7411063,562.6118067,tongue
F8-T8,561.7411063,562.6118067,tongue
T8-P8,561.7411063,562.6118067,tongue
P8-O2,561.7411063,562.6118067,tongue
P7-P3,561.7411063,562.6118067,tongue
P4-P8,561.7411063,562.6118067,tongue
O1-O2,561.7411063,562.6118067,tongue
O2-P8,561.7411063,562.6118067,tongue
T7-P7,563.6105512,564.4044251,tongue
P7-O1,563.6105512,564.4044251,tongue
P3-O1,563.6105512,564.4044251,tongue
F8-T8,563.6105512,564.4044251,tongue
T8-P8,563.6105512,564.4044251,tongue
P8-O2,563.6105512,564.4044251,tongue
P7-P3,563.6105512,564.4044251,tongue
P4-P8,563.6105512,564.4044251,tongue
O1-O2,563.6105512,564.4044251,tongue
O2-P8,563.6105512,564.4044251,tongue
T7-P7,581.4845179,582.2783918,tongue
P7-O1,581.4845179,582.2783918,tongue
P3-O1,581.4845179,582.2783918,tongue
F8-T8,581.4845179,582.2783918,tongue
T8-P8,581.4845179,582.2783918,tongue
P8-O2,581.4845179,582.2783918,tongue
P7-P3,581.4845179,582.2783918,tongue
P4-P8,581.4845179,582.2783918,tongue
O1-O2,581.4845179,582.2783918,tongue
O2-P8,581.4845179,582.2783918,tongue
T7-P7,583.8149219,584.5063604,tongue
P7-O1,583.8149219,584.5063604,tongue
P3-O1,583.8149219,584.5063604,tongue
F8-T8,583.8149219,584.5063604,tongue
T8-P8,583.8149219,584.5063604,tongue
P8-O2,583.8149219,584.5063604,tongue
P7-P3,583.8149219,584.5063604,tongue
P4-P8,583.8149219,584.5063604,tongue
O1-O2,583.8149219,584.5063604,tongue
O2-P8,583.8149219,584.5063604,tongue
T7-P7,585.7611933,586.6318937,tongue
P7-O1,585.7611933,586.6318937,tongue
P3-O1,585.7611933,586.6318937,tongue
F8-T8,585.7611933,586.6318937,tongue
T8-P8,585.7611933,586.6318937,tongue
P8-O2,585.7611933,586.6318937,tongue
P7-P3,585.7611933,586.6318937,tongue
P4-P8,585.7611933,586.6318937,tongue
O1-O2,585.7611933,586.6318937,tongue
O2-P8,585.7611933,586.6318937,tongue
T7-P7,587.7586825,588.5013387,tongue
P7-O1,587.7586825,588.5013387,tongue
P3-O1,587.7586825,588.5013387,tongue
F8-T8,587.7586825,588.5013387,tongue
T8-P8,587.7586825,588.5013387,tongue
P8-O2,587.7586825,588.5013387,tongue
P7-P3,587.7586825,588.5013387,tongue
P4-P8,587.7586825,588.5013387,tongue
O1-O2,587.7586825,588.5013387,tongue
O2-P8,587.7586825,588.5013387,tongue
T7-P7,589.5769097,590.5756543,tongue
P7-O1,589.5769097,590.5756543,tongue
P3-O1,589.5769097,590.5756543,tongue
F8-T8,589.5769097,590.5756543,tongue
T8-P8,589.5769097,590.5756543,tongue
P8-O2,589.5769097,590.5756543,tongue
P7-P3,589.5769097,590.5756543,tongue
P4-P8,589.5769097,590.5756543,tongue
O1-O2,589.5769097,590.5756543,tongue
O2-P8,589.5769097,590.5756543,tongue
T7-P7,591.6512254,592.5219257,tongue
P7-O1,591.6512254,592.5219257,tongue
P3-O1,591.6512254,592.5219257,tongue
F8-T8,591.6512254,592.5219257,tongue
T8-P8,591.6512254,592.5219257,tongue
P8-O2,591.6512254,592.5219257,tongue
P7-P3,591.6512254,592.5219257,tongue
P4-P8,591.6512254,592.5219257,tongue
O1-O2,591.6512254,592.5219257,tongue
O2-P8,591.6512254,592.5219257,tongue
T7-P7,593.8535851,594.5962414,tongue
P7-O1,593.8535851,594.5962414,tongue
P3-O1,593.8535851,594.5962414,tongue
F8-T8,593.8535851,594.5962414,tongue
T8-P8,593.8535851,594.5962414,tongue
P8-O2,593.8535851,594.5962414,tongue
P7-P3,593.8535851,594.5962414,tongue
P4-P8,593.8535851,594.5962414,tongue
O1-O2,593.8535851,594.5962414,tongue
O2-P8,593.8535851,594.5962414,tongue
T7-P7,595.6718124,596.4656863,tongue
P7-O1,595.6718124,596.4656863,tongue
P3-O1,595.6718124,596.4656863,tongue
F8-T8,595.6718124,596.4656863,tongue
T8-P8,595.6718124,596.4656863,tongue
P8-O2,595.6718124,596.4656863,tongue
P7-P3,595.6718124,596.4656863,tongue
P4-P8,595.6718124,596.4656863,tongue
O1-O2,595.6718124,596.4656863,tongue
O2-P8,595.6718124,596.4656863,tongue
T7-P7,597.5668662,598.2583047,tongue
P7-O1,597.5668662,598.2583047,tongue
P3-O1,597.5668662,598.2583047,tongue
F8-T8,597.5668662,598.2583047,tongue
T8-P8,597.5668662,598.2583047,tongue
P8-O2,597.5668662,598.2583047,tongue
P7-P3,597.5668662,598.2583047,tongue
P4-P8,597.5668662,598.2583047,tongue
O1-O2,597.5668662,598.2583047,tongue
O2-P8,597.5668662,598.2583047,tongue
T7-P7,599.6667907,600.4350557,tongue
P7-O1,599.6667907,600.4350557,tongue
P3-O1,599.6667907,600.4350557,tongue
F8-T8,599.6667907,600.4350557,tongue
T8-P8,599.6667907,600.4350557,tongue
P8-O2,599.6667907,600.4350557,tongue
P7-P3,599.6667907,600.4350557,tongue
P4-P8,599.6667907,600.4350557,tongue
O1-O2,599.6667907,600.4350557,tongue
O2-P8,599.6667907,600.4350557,tongue
T7-P7,617.5282029,618.4757298,tongue
P7-O1,617.5282029,618.4757298,tongue
P3-O1,617.5282029,618.4757298,tongue
F8-T8,617.5282029,618.4757298,tongue
T8-P8,617.5282029,618.4757298,tongue
P8-O2,617.5282029,618.4757298,tongue
P7-P3,617.5282029,618.4757298,tongue
P4-P8,617.5282029,618.4757298,tongue
O1-O2,617.5282029,618.4757298,tongue
O2-P8,617.5282029,618.4757298,tongue
T7-P7,619.6025186,620.4476101,tongue
P7-O1,619.6025186,620.4476101,tongue
P3-O1,619.6025186,620.4476101,tongue
F8-T8,619.6025186,620.4476101,tongue
T8-P8,619.6025186,620.4476101,tongue
P8-O2,619.6025186,620.4476101,tongue
P7-P3,619.6025186,620.4476101,tongue
P4-P8,619.6025186,620.4476101,tongue
O1-O2,619.6025186,620.4476101,tongue
O2-P8,619.6025186,620.4476101,tongue
T7-P7,621.8048784,622.5219257,tongue
P7-O1,621.8048784,622.5219257,tongue
P3-O1,621.8048784,622.5219257,tongue
F8-T8,621.8048784,622.5219257,tongue
T8-P8,621.8048784,622.5219257,tongue
P8-O2,621.8048784,622.5219257,tongue
P7-P3,621.8048784,622.5219257,tongue
P4-P8,621.8048784,622.5219257,tongue
O1-O2,621.8048784,622.5219257,tongue
O2-P8,621.8048784,622.5219257,tongue
T7-P7,623.9304117,624.7498944,tongue
P7-O1,623.9304117,624.7498944,tongue
P3-O1,623.9304117,624.7498944,tongue
F8-T8,623.9304117,624.7498944,tongue
T8-P8,623.9304117,624.7498944,tongue
P8-O2,623.9304117,624.7498944,tongue
P7-P3,623.9304117,624.7498944,tongue
P4-P8,623.9304117,624.7498944,tongue
O1-O2,623.9304117,624.7498944,tongue
O2-P8,623.9304117,624.7498944,tongue
T7-P7,625.6718124,626.4912951,tongue
P7-O1,625.6718124,626.4912951,tongue
P3-O1,625.6718124,626.4912951,tongue
F8-T8,625.6718124,626.4912951,tongue
T8-P8,625.6718124,626.4912951,tongue
P8-O2,625.6718124,626.4912951,tongue
P7-P3,625.6718124,626.4912951,tongue
P4-P8,625.6718124,626.4912951,tongue
O1-O2,625.6718124,626.4912951,tongue
O2-P8,625.6718124,626.4912951,tongue
T7-P7,627.6436927,628.2839136,tongue
P7-O1,627.6436927,628.2839136,tongue
P3-O1,627.6436927,628.2839136,tongue
F8-T8,627.6436927,628.2839136,tongue
T8-P8,627.6436927,628.2839136,tongue
P8-O2,627.6436927,628.2839136,tongue
P7-P3,627.6436927,628.2839136,tongue
P4-P8,627.6436927,628.2839136,tongue
O1-O2,627.6436927,628.2839136,tongue
O2-P8,627.6436927,628.2839136,tongue
T7-P7,629.5899641,630.2557939,tongue
P7-O1,629.5899641,630.2557939,tongue
P3-O1,629.5899641,630.2557939,tongue
F8-T8,629.5899641,630.2557939,tongue
T8-P8,629.5899641,630.2557939,tongue
P8-O2,629.5899641,630.2557939,tongue
P7-P3,629.5899641,630.2557939,tongue
P4-P8,629.5899641,630.2557939,tongue
O1-O2,629.5899641,630.2557939,tongue
O2-P8,629.5899641,630.2557939,tongue
T7-P7,631.6130621,632.3557183,tongue
P7-O1,631.6130621,632.3557183,tongue
P3-O1,631.6130621,632.3557183,tongue
F8-T8,631.6130621,632.3557183,tongue
T8-P8,631.6130621,632.3557183,tongue
P8-O2,631.6130621,632.3557183,tongue
P7-P3,631.6130621,632.3557183,tongue
P4-P8,631.6130621,632.3557183,tongue
O1-O2,631.6130621,632.3557183,tongue
O2-P8,631.6130621,632.3557183,tongue
T7-P7,633.6105512,634.3532074,tongue
P7-O1,633.6105512,634.3532074,tongue
P3-O1,633.6105512,634.3532074,tongue
F8-T8,633.6105512,634.3532074,tongue
T8-P8,633.6105512,634.3532074,tongue
P8-O2,633.6105512,634.3532074,tongue
P7-P3,633.6105512,634.3532074,tongue
P4-P8,633.6105512,634.3532074,tongue
O1-O2,633.6105512,634.3532074,tongue
O2-P8,633.6105512,634.3532074,tongue
T7-P7,635.659258,636.3763054,tongue
P7-O1,635.659258,636.3763054,tongue
P3-O1,635.659258,636.3763054,tongue
F8-T8,635.659258,636.3763054,tongue
T8-P8,635.659258,636.3763054,tongue
P8-O2,635.659258,636.3763054,tongue
P7-P3,635.659258,636.3763054,tongue
P4-P8,635.659258,636.3763054,tongue
O1-O2,635.659258,636.3763054,tongue
O2-P8,635.659258,636.3763054,tongue
ALL,645.8000512,657.0679385,chew
ALL,680.0511178,690.0385634,chew
Fp1-F7,754.3923675,763.7395922,eyebrow
F7-T7,754.3923675,763.7395922,eyebrow
T7-P7,754.3923675,763.7395922,eyebrow
Fp1-F3,754.3923675,763.7395922,eyebrow
Fp2-F4,754.3923675,763.7395922,eyebrow
Fp2-F8,754.3923675,763.7395922,eyebrow
F8-T8,754.3923675,763.7395922,eyebrow
T8-P8,754.3923675,763.7395922,eyebrow
F7-Fp1,754.3923675,763.7395922,eyebrow
Fp1-Fp2,754.3923675,763.7395922,eyebrow
F7-F3,754.3923675,763.7395922,eyebrow
F4-F8,754.3923675,763.7395922,eyebrow
T7-C3,754.3923675,763.7395922,eyebrow
C4-T8,754.3923675,763.7395922,eyebrow
Fp1-F7,784.8146633,793.7265378,eyebrow
F7-T7,784.8146633,793.7265378,eyebrow
T7-P7,784.8146633,793.7265378,eyebrow
Fp1-F3,784.8146633,793.7265378,eyebrow
Fp2-F4,784.8146633,793.7265378,eyebrow
Fp2-F8,784.8146633,793.7265378,eyebrow
F8-T8,784.8146633,793.7265378,eyebrow
T8-P8,784.8146633,793.7265378,eyebrow
F7-Fp1,784.8146633,793.7265378,eyebrow
Fp1-Fp2,784.8146633,793.7265378,eyebrow
F7-F3,784.8146633,793.7265378,eyebrow
F4-F8,784.8146633,793.7265378,eyebrow
T7-C3,784.8146633,793.7265378,eyebrow
C4-T8,784.8146633,793.7265378,eyebrow
Fp1-F7,803.5085749,807.0682029,blink_hor_headm
F7-T7,803.5085749,807.0682029,blink_hor_headm
Fp2-F8,803.5085749,807.0682029,blink_hor_headm
F8-T8,803.5085749,807.0682029,blink_hor_headm
F7-Fp1,803.5085749,807.0682029,blink_hor_headm
Fp1-F7,809.5266511,812.958235,blink_hor_headm
F7-T7,809.5266511,812.958235,blink_hor_headm
Fp2-F8,809.5266511,812.958235,blink_hor_headm
F8-T8,809.5266511,812.958235,blink_hor_headm
F7-Fp1,809.5266511,812.958235,blink_hor_headm
Fp1-F7,815.2374213,819.3348348,blink_hor_headm
F7-T7,815.2374213,819.3348348,blink_hor_headm
Fp2-F8,815.2374213,819.3348348,blink_hor_headm
F8-T8,815.2374213,819.3348348,blink_hor_headm
F7-Fp1,815.2374213,819.3348348,blink_hor_headm
Fp1-F7,821.6908476,825.199258,blink_hor_headm
F7-T7,821.6908476,825.199258,blink_hor_headm
Fp2-F8,821.6908476,825.199258,blink_hor_headm
F8-T8,821.6908476,825.199258,blink_hor_headm
F7-Fp1,821.6908476,825.199258,blink_hor_headm
Fp1-F7,827.4523355,831.1400077,blink_hor_headm
F7-T7,827.4523355,831.1400077,blink_hor_headm
Fp2-F8,827.4523355,831.1400077,blink_hor_headm
F8-T8,827.4523355,831.1400077,blink_hor_headm
F7-Fp1,827.4523355,831.1400077,blink_hor_headm
Fp1-F7,833.3167586,837.3117369,blink_hor_headm
F7-T7,833.3167586,837.3117369,blink_hor_headm
Fp2-F8,833.3167586,837.3117369,blink_hor_headm
F8-T8,833.3167586,837.3117369,blink_hor_headm
F7-Fp1,833.3167586,837.3117369,blink_hor_headm
Fp1-F7,839.4372702,843.4066396,blink_hor_headm
F7-T7,839.4372702,843.4066396,blink_hor_headm
Fp2-F8,839.4372702,843.4066396,blink_hor_headm
F8-T8,839.4372702,843.4066396,blink_hor_headm
F7-Fp1,839.4372702,843.4066396,blink_hor_headm
Fp1-F7,845.4809552,849.0918009,blink_hor_headm
F7-T7,845.4809552,849.0918009,blink_hor_headm
Fp2-F8,845.4809552,849.0918009,blink_hor_headm
F8-T8,845.4809552,849.0918009,blink_hor_headm
F7-Fp1,845.4809552,849.0918009,blink_hor_headm
Fp1-F7,851.3704872,855.1605948,blink_hor_headm
F7-T7,851.3704872,855.1605948,blink_hor_headm
Fp2-F8,851.3704872,855.1605948,blink_hor_headm
F8-T8,851.3704872,855.1605948,blink_hor_headm
F7-Fp1,851.3704872,855.1605948,blink_hor_headm
Fp1-F7,857.3629545,861.4347593,blink_hor_headm
F7-T7,857.3629545,861.4347593,blink_hor_headm
Fp2-F8,857.3629545,861.4347593,blink_hor_headm
F8-T8,857.3629545,861.4347593,blink_hor_headm
F7-Fp1,857.3629545,861.4347593,blink_hor_headm
ALL,863.5851421,864.4046248,blink_ver_headm
ALL,872.1128841,872.906758,blink_ver_headm
ALL,875.4420327,876.1846889,blink_ver_headm
ALL,884.1490365,885.3014341,blink_ver_headm
ALL,887.324532,887.9903617,blink_ver_headm
ALL,895.9291005,897.2095423,blink_ver_headm
ALL,899.4626197,900.2308848,blink_ver_headm
ALL,908.1184059,909.193977,blink_ver_headm
ALL,911.4219456,912.2158195,blink_ver_headm
ALL,920.3589289,921.1784117,blink_ver_headm
Fp1-F7,932.5227138,938.1054398,blink_eyebrow
F7-T7,932.5227138,938.1054398,blink_eyebrow
Fp1-F3,932.5227138,938.1054398,blink_eyebrow
Fp2-F4,932.5227138,938.1054398,blink_eyebrow
Fp2-F8,932.5227138,938.1054398,blink_eyebrow
F8-T8,932.5227138,938.1054398,blink_eyebrow
F7-Fp1,932.5227138,938.1054398,blink_eyebrow
Fp1-F7,962.5739315,968.1822663,blink_eyebrow
F7-T7,962.5739315,968.1822663,blink_eyebrow
Fp1-F3,962.5739315,968.1822663,blink_eyebrow
Fp2-F4,962.5739315,968.1822663,blink_eyebrow
Fp2-F8,962.5739315,968.1822663,blink_eyebrow
F8-T8,962.5739315,968.1822663,blink_eyebrow
F7-Fp1,962.5739315,968.1822663,blink_eyebrow
T7-P7,982.6766005,983.5729097,tongue_eyebrow
F8-T8,982.6766005,983.5729097,tongue_eyebrow
T7-P7,984.6484808,985.5960077,tongue_eyebrow
F8-T8,984.6484808,985.5960077,tongue_eyebrow
T7-P7,986.6459699,987.3886261,tongue_eyebrow
F8-T8,986.6459699,987.3886261,tongue_eyebrow
T7-P7,988.5154149,989.3092887,tongue_eyebrow
F8-T8,988.5154149,989.3092887,tongue_eyebrow
T7-P7,990.4872951,991.281169,tongue_eyebrow
F8-T8,990.4872951,991.281169,tongue_eyebrow
T7-P7,992.5872196,993.304267,tongue_eyebrow
F8-T8,992.5872196,993.304267,tongue_eyebrow
T7-P7,994.5590999,995.3529738,tongue_eyebrow
F8-T8,994.5590999,995.3529738,tongue_eyebrow
T7-P7,996.7358508,997.3504629,tongue_eyebrow
F8-T8,996.7358508,997.3504629,tongue_eyebrow
T7-P7,998.6309046,999.4247785,tongue_eyebrow
F8-T8,998.6309046,999.4247785,tongue_eyebrow
T7-P7,1000.551567,1001.37105,tongue_eyebrow
F8-T8,1000.551567,1001.37105,tongue_eyebrow
T7-P7,1018.553578,1019.270625,tongue_eyebrow
F8-T8,1018.553578,1019.270625,tongue_eyebrow
T7-P7,1020.576676,1021.14007,tongue_eyebrow
F8-T8,1020.576676,1021.14007,tongue_eyebrow
T7-P7,1022.599774,1023.34243,tongue_eyebrow
F8-T8,1022.599774,1023.34243,tongue_eyebrow
T7-P7,1024.67409,1025.621617,tongue_eyebrow
F8-T8,1024.67409,1025.621617,tongue_eyebrow
T7-P7,1026.722796,1027.439844,tongue_eyebrow
F8-T8,1026.722796,1027.439844,tongue_eyebrow
T7-P7,1028.61785,1029.642204,tongue_eyebrow
F8-T8,1028.61785,1029.642204,tongue_eyebrow
T7-P7,1030.512904,1031.409213,tongue_eyebrow
F8-T8,1030.512904,1031.409213,tongue_eyebrow
T7-P7,1032.638437,1033.611573,tongue_eyebrow
F8-T8,1032.638437,1033.611573,tongue_eyebrow
T7-P7,1034.5591,1035.583453,tongue_eyebrow
F8-T8,1034.5591,1035.583453,tongue_eyebrow
T7-P7,1036.633415,1037.504116,tongue_eyebrow
F8-T8,1036.633415,1037.504116,tongue_eyebrow
T7-P7,1054.622872,1055.365528,tongue_eyebrow
F8-T8,1054.622872,1055.365528,tongue_eyebrow
T7-P7,1056.64597,1057.388626,tongue_eyebrow
F8-T8,1056.64597,1057.388626,tongue_eyebrow
T7-P7,1058.694677,1059.514159,tongue_eyebrow
F8-T8,1058.694677,1059.514159,tongue_eyebrow
T7-P7,1060.512904,1061.409213,tongue_eyebrow
F8-T8,1060.512904,1061.409213,tongue_eyebrow
T7-P7,1062.484784,1063.381093,tongue_eyebrow
F8-T8,1062.484784,1063.381093,tongue_eyebrow
T7-P7,1064.738362,1065.404191,tongue_eyebrow
F8-T8,1064.738362,1065.404191,tongue_eyebrow
T7-P7,1066.633415,1067.324854,tongue_eyebrow
F8-T8,1066.633415,1067.324854,tongue_eyebrow
T7-P7,1068.810166,1069.552823,tongue_eyebrow
F8-T8,1068.810166,1069.552823,tongue_eyebrow
T7-P7,1070.654003,1071.37105,tongue_eyebrow
F8-T8,1070.654003,1071.37105,tongue_eyebrow
T7-P7,1072.677101,1073.419757,tongue_eyebrow
F8-T8,1072.677101,1073.419757,tongue_eyebrow
